{"P": [[[0.5651678998292544, 0.4980463165920137, 0.6251912889935256], [0.6249547046744776, 0.4744695969952289, 0.6731570179092045], [0.6742613920881322, 0.5065676756139349, 0.690695067264574], [0.6445105392473813, 0.49327170005136106, 0.7405382674516401], [0.578904829258436, 0.521534377943317, 0.6431983017866619], [0.6284414372375176, 0.5181453585053312, 0.6867939228671601], [0.5891242129364626, 0.5778375025842465, 0.7086012861736335], [0.6459827833572453, 0.5239655878738222, 0.6461664991318651], [0.6695755652518842, 0.5534403669724771, 0.6693926507469197], [0.6891169853768279, 0.553658272992543, 0.7080567752476259], [0.5479975850271684, 0.5055023355237115, 0.6556792485649678], [0.5911614730878187, 0.5057249974668153, 0.6871322087092978], [0.6558182784272051, 0.5536164255716286, 0.7249506995962062], [0.6574291723370036, 0.4952695078552209, 0.6998984771573604], [0.6280556600225649, 0.553503893214683, 0.6793939393939394]], [[0.42846164594103675, 0.3479092235696674, 0.5898247836183238], [0.6704391127206881, 0.5458131409895187, 0.6996229971724788], [0.6672495371322773, 0.5563036690085871, 0.785369289595492], [0.749225238626503, 0.5944376186753043, 0.7413313356164384], [0.6754192409532216, 0.5692355244178858, 0.7174211248285323], [0.7467006251447095, 0.602027096907643, 0.7317864986154874], [0.790079365079365, 0.5986499289436286, 0.7612427593470248], [0.7760702524698134, 0.6288730778058297, 0.7636005902606985], [0.745139376903256, 0.55706374199153, 0.7749233534200233], [0.6918969849246231, 0.5237611697806661, 0.7730601650134421], [0.7494762377329364, 0.5714689531706397, 0.6916445623342176], [0.7415834687717668, 0.5871381857817609, 0.7692965576224076], [0.7590774689532821, 0.5694320547130538, 0.7373879416417648], [0.6996179560649475, 0.5709067066316973, 0.692979297929793], [0.68706589074526, 0.6064521878620444, 0.7426245294581109]], [], []], "R": [[[0.6114532019704434, 0.55062690970393, 0.6003164914660337], [0.5936890418818129, 0.5421644820786452, 0.6425163983303518], [0.6578722364724563, 0.527724892908139, 0.6408362804243811], [0.6116838487972509, 0.5845404747413269, 0.6623413258110014], [0.6784276580629884, 0.6395422091558168, 0.6685667003769422], [0.6800908976139376, 0.5987340341358652, 0.7062593890836254], [0.6141544337033059, 0.645347494804895, 0.7104573846463832], [0.634750939849624, 0.5910351201478743, 0.7078786665331865], [0.6226484691995574, 0.6113503927033189, 0.6571397987582959], [0.618188698284561, 0.6302903543307087, 0.6999798102160307], [0.6210514311780134, 0.6713279360740195, 0.7196449026345934], [0.6299963772491245, 0.5661939875212706, 0.732002925504127], [0.5780353588572766, 0.6824666359871145, 0.7146824662099611], [0.6422528402223834, 0.6259324265028521, 0.6907815631262525], [0.6147993618848938, 0.6077186126038104, 0.6873786407766991]], [[0.6101273378432153, 0.6155626780626781, 0.672874688929919], [0.6353496353496354, 0.5082913518052057, 0.686615484229026], [0.723430355748857, 0.5931744875663303, 0.7145472855442644], [0.6658587639087804, 0.5723196042585225, 0.6422213981086594], [0.6674662014827737, 0.5751014884979703, 0.7142206846321922], [0.7147606382978723, 0.6002268508970922, 0.6823969370492388], [0.6875, 0.5805673595957276, 0.6984249685959996], [0.7397116949546617, 0.6271457999542229, 0.670293609671848], [0.7255930656934306, 0.5399431638774865, 0.6806574426594856], [0.6832420138529929, 0.5846084098379236, 0.6937026869644788], [0.7058884619378959, 0.6392958785706757, 0.6455920063666106], [0.6775562155282139, 0.5694819687536709, 0.7017064846416382], [0.7200718052283182, 0.5915362438220758, 0.7231511808308912], [0.6621468926553672, 0.6281562403380397, 0.6496498185807105], [0.6697163769441903, 0.6657209939346508, 0.73047446826832]], [], []], "num": 2}